{"cameraMode":{"drawMode":0,"name":"Shaded","section":"Shading Mode"},"sceneLighting":true,"audioPlay":false,"sceneViewState":{"m_AlwaysRefresh":false,"showFog":true,"showSkybox":true,"showFlares":true,"showImageEffects":true,"showParticleSystems":true,"showVisualEffectGraphs":true,"m_FxEnabled":true},"in2DMode":false,"pivot":{"x":42.90667724609375,"y":-2.205960750579834,"z":103.37242889404297},"rotation":{"x":-0.03869171813130379,"y":-0.19264070689678193,"z":0.0076036397367715839,"w":-0.9804773926734924},"size":67.45060729980469,"orthographic":false}